[{"id":"1","date":"22.05.2022","size":"Car needed","location":"Nicolina, Iasi","requestType":"public","status":"not cleaned","updatedBy":"Irina","specificType":{"recyclables":"paper","household":"TV","other":"wheels"}},{"id":"2","date":"28.03.2020","size":"Fits in a bag","location":"Copou, Iasi","requestType":"public","status":"cleaned","updatedBy":"Maria","specificType":{"recyclables":"cardboard","household":"toaster","other":"batteries"}},{"id":"3","date":"18.08.2019","size":"Car needed","location":"Dancu, Iasi","requestType":"private","status":"cleaned","updatedBy":"George","specificType":{"recyclables":"glass","household":"fridge","other":"batteries"}},{"id":"4","date":"18.08.2021","size":"Car needed","location":"Pacurari, Iasi","requestType":"private","status":"not cleaned","updatedBy":"Mihai","specificType":{"recyclables":"metal","household":"bed","other":"diapers"}},{"id":"5","date":"06.06.2022","size":"Car needed","location":"Copou, Vaslui","requestType":"private","status":"not cleaned","updatedBy":"Ana","specificType":{"recyclables":"paper","household":"freezer","other":"wheels"}},{},{},{},{},{},{"location":"","status":"Not cleaned"},{"location":"ccccccccc","status":"Not cleaned"}]